County,Market Name,Market Location,Address Line 1,City,State,Zip,Contact,Phone,Market Link,Operation Hours,Operation Season,Operating Months,FMNP,SNAP,FCC Issued,FCC Accepted,Latitude,Longitude,Georeference_1
Albany,Altamont Orchards Farm Stand,6654 Dunnsville Rd Altamont,6654 Dunnsville Road,Altamont,NY,12009,Jim Abbruzzese,5188616515,http://www.altamontorchards.com,"Mon-Fri 10am-5pm, Sat/Sun 9:30am-4pm",May 10-December 21,P/M/X,Y,N,N,Y,42.72256,-74.01493,POINT (-74.01493 42.72256)
Albany,Empire State Plaza Wed Farmers' Market,"Empire State Plaza, (Winter inside South Concourse)",170 State St,Albany,NY,12210,Nicholas DeBlois,5184744759,https://empirestateplaza.ny.gov/empire-state-plaza-farmers-market,Wed 10am-2pm,Year-round,YR,N,Y,Y,Y,42.65068,-73.758,POINT (-73.758 42.65068)
Albany,The Gade Farm Farm Stand,2479 Western Ave Altamont,2479 Western Avenue,Altamont,NY,12009,Amy Castillo,5188698019,http://www.gadefarm.com,"Mon-Fri 9am-6pm, Sun/Sat 9am-4pm",Year-round,YR,Y,N,N,Y,42.71055,-73.92593,POINT (-73.92593 42.71055)
Albany,Veggie Mobile-Cohoes Senior Ctr,10 Cayuga Plaza Cohoes,10 Cayuga Plaza,Cohoes,NY,12047,Collin Parliman,5182748685,http://www.capitalroots.org,Wed 2pm-3pm,Year-round,YR,Y,Y,N,Y,42.77603,-73.70103,POINT (-73.70103 42.77603)
Albany,Veggie Mobile-South Mall Towers,101 S Pearl St Albany,101 South Pearl Street,Albany,NY,12207,Collin Parliman,5182748685,http://www.capitalroots.org,Fri 10:30am-11:30am,Year-round,YR,Y,Y,N,Y,42.6465,-73.75482,POINT (-73.75482 42.6465)
Albany,Veggie Mobile Sprout-St. Sophia Church,440 Whitehall Rd. Albany,440 Whitehall Road,Albany,NY,12208,Collin Parliman,5182748685,http://www.capitalroots.org,Wed 11:30am-12:30pm,Year-round,YR,Y,Y,N,Y,42.65197,-73.81477,POINT (-73.81477 42.65197)
Albany,Veggie Mobile-Steamboat Square Apts,200 Green St Albany,200 Green Street,Albany,NY,12202,Jessica Trowbridge,5182748685,http://www.capitalroots.org,Thu 3pm-3:45am,Year-round,YR,Y,N,N,Y,42.64071,-73.75345,POINT (-73.75345 42.64071)
Albany,Veggie Mobile-Thurlow Terrace,2 Thurlow Terrace Albany,2 Thurlow Terrace,Albany,NY,12203,Collin Parliman,5182748685,http://www.capitalroots.org,Wed 12:45pm-1:30pm,Year-round,YR,Y,Y,N,Y,42.65998,-73.77276,POINT (-73.77276 42.65998)
Albany,Veggie Mobile-Whitney Young Health Ctr,920 Lark Drive Albany,920 Lark Drive,Albany,NY,12207,Collin Parliman,5182748685,http://www.capitalroots.org,Tue 11am-12pm,Year-round,YR,Y,Y,N,Y,42.66215,-73.74859,POINT (-73.74859 42.66215)
Broome,Broome Co Regional Sat Farmers' Market,840 Upper Front St Binghamton,840 Upper Front St.,Binghamton,NY,13905,Amanda Poodiack,6077728953,http://www.broomecountyregionalmarket.com,Sat 9am-1pm,Year-round,YR,Y,Y,Y,Y,42.12921,-75.90609,POINT (-75.90609 42.12921)
Broome,Wolfhill Farms Farm Stand,650 Hawleyton Rd Binghamton,650 Hawleyton Road,Binghamton,NY,13903,Emily Srch,9547787186,,Daily 8am-6pm,Year-round,YR,Y,N,N,Y,42.00481,-75.93334,POINT (-75.93334 42.00481)
Cattaraugus,Canticle Farm Market,3809 Old State Rd Allegany,3809 Old State Road,Allegany,NY,14706,Gina Anderson,7163730200,http://www.canticlefarm.org,Tue 12pm-6pm,Year-round,YR,Y,N,N,Y,42.09601,-78.50618,POINT (-78.50618 42.09601)
Cattaraugus,Miller's Farm Market,1685 Olean Portville Rd Olean,1685 Olean Portville Rd.,Olean,NY,14760,Shanna Miller,7163722521,,"Mon-Sat 9am-6pm, Sun 9am-5pm",April 15-December 24,P/M/X,Y,N,N,Y,42.071439,-78.39814,POINT (-78.39814 42.071439)
Cayuga,Horning's Produce Farm Stand,2213 State Rt 370 Cato,2213 State Rt 270,Cato,NY,13033,Tim Horning,3156513320,,Mon-Sat 9am-6pm,Year-round,YR,Y,Y,N,Y,43.16733,-76.59499,POINT (-76.59499 43.16733)
Cayuga,Owen Orchards Farm Stand,8174 Grant Ave Weedsport,8174 Grant Ave.,Weedsport,NY,13166,Gordon Tripp,3152524097,http://www.owenorchard.com,"Mon-Fri 9am-6pm , Sat-Sun 9am-5pm","August 1-March 31, 2026",M/X/W,Y,Y,N,Y,43.01314,-76.50749,POINT (-76.50749 43.01314)
Chautauqua,Carlberg Livestock and Produce Farm Stand,1982 Peck Settlement Rd Jamestown,1982 Peck Settlement Rd,Jamestown,NY,14701,Virginia Carlberg,7169693525,http://www.carlbergfarm.com,Sun 10am-5pm; Mon-Sat 9am-6pm,Year-round,YR,Y,Y,N,Y,42.08618,-79.18337,POINT (-79.18337 42.08618)
Chautauqua,Fredonia WINTER Farmers' Market,321 East Main St. (Rt 20) Masonic Lodge,321 East Main St. (Rte 20),Fredonia,NY,14063,Thomas Degolier,7166802104,http://www.fredoniafarmersmarket.org,Sat 10am-1pm,November 1-May 17,M/X/W/P,N,Y,Y,Y,42.44764,-79.315,POINT (-79.315 42.44764)
Chautauqua,Jamestown Mobile Market-Chautaqua Center,107 Institute St.,107 Institute Street,Jamestown,NY,14701,Nick Weith,7164836405,http://jtownpublicmarket.org,Wed 3:30pm-5:30pm,Year-round,YR,Y,Y,N,Y,42.09308,-79.23505,POINT (-79.23505 42.09308)
Chautauqua,Jamestown Mobile Market-Code Building,411 Windsor St,411 Windsor Street,Jamestown,NY,14701,Nick Weith,7164836405,,Thu 3:30pm-5:30pm,Year-round,YR,Y,Y,N,Y,42.10095,-79.23136,POINT (-79.23136 42.10095)
Chautauqua,Jamestown Mobile Market-Prendergast Library,509 Cherry St.,509 Cherry Street,Jamestown,NY,14701,Nick Weith,7164836405,http://jtownpublicmarket.org,Wed 11am-1pm,Year-round,YR,Y,Y,N,Y,42.09831,-79.24361,POINT (-79.24361 42.09831)
Chautauqua,Jamestown Mobile Market-Silver Tree Seniors,8 Crane St.,9 Crane Street,Jamestown,NY,14701,Nick Weith,7164836405,http://jtownpublicmarket.org,Thu 11am-1pm,Year-round,YR,Y,Y,N,Y,42.09627,-79.23317,POINT (-79.23317 42.09627)
Chautauqua,Jamestown Mobile Market-The Resource Center,880 E 2nd St,880 East 2nd Street,Jamestown,NY,14701,Nick Weith,7164836405,,Tue 11am-1pm,Year-round,YR,Y,Y,N,Y,42.10486,-79.22483,POINT (-79.22483 42.10486)
Chautauqua,Jamestown Winter Farmers' Market,410 N. Main St.,410 N. Main St.,Jamestown,NY,14802,Nick Weith,7164836405,http://jfmny.org,"Monthly, Sat 9am-1pm","Jan 18, Feb 22, Mar 22, Apr 19",W/P,N,Y,Y,Y,42.09735,-79.24151,POINT (-79.24151 42.09735)
Chenango,Chenango County Farmers' Market,East Park 2 North Broad Street,2 North Broad Street,Norwich,NY,13815,Sandy Pierce,6073344928,,Wed 10am-2pm,April 2-December 3,P/M/X,Y,N,N,Y,42.53145,-75.52372,POINT (-75.52372 42.53145)
Chenango,Greene Pasture Ranch Farm Stand,13 South Canal St,13 South Canal Street,Greene,NY,13778,Victoria Pezzino,6078750634,http://www.greenepastureranch.com,"Mon-Fri 11am-6pm, Sat 9am-3pm",Year-round,YR,Y,Y,N,Y,42.32818,-75.77265,POINT (-75.77265 42.32818)
Chenango,Lamb's Quarters Organic Farm Stand,213 Pierce Rd Plymouth,213 Pierce Road,Plymouth,NY,13832,Sandy Pierce,6073344928,http://www.lambsquarterorganicfarm.com,"Daily 12pm-6pm, Closed Wed & Sat",Year-round,YR,Y,N,N,Y,42.60058,-75.59991,POINT (-75.59991 42.60058)
Chenango,Sunrise Farms Farm Stand,252 Plymouth-North Norwich Rd Plymouth,252 Plymouth-North Norwich Rd.,Plymouth,NY,13832,Kathryn Clemens,6073365834,,"Mon-Sat 9am-5pm, Sun 12pm-5pm",Year-round,YR,Y,N,N,Y,42.62427,-75.59152,POINT (-75.59152 42.62427)
Clinton,Northern Orchard Farm Stand,470 Union Rd Peru,470 Union Road,Peru,NY,12972,Jenna Mulbury,5186439806,http://www.northernorchard.com,Daily 10am-5pm,May 10-December 23,P/M/X,Y,Y,N,Y,44.5569,-73.53324,POINT (-73.53324 44.5569)
Clinton,Rulfs Orchard Farm Stand,531 Bear Swamp Rd Peru,531 Bear Swamp Road,Peru,NY,12972,Shannon Wilkins,5186438636,http://www.rulfsorchard.com,Daily 6am-6pm,Year-round,YR,Y,N,N,Y,44.5786,-73.49804,POINT (-73.49804 44.5786)
Columbia,Hudson Winter Farmers Market,"201 Harry Howard Ave, Elks Lodge #787",201 Harry Howard Ave,Hudson,NY,12534,Brandon Bjerke,5183003496,https://www.hudsonfarmersmarketny.org/,10am-1pm,"Nov 30-April 12, 2025",X/W/P,N,Y,Y,Y,42.25828,-73.77341,POINT (-73.77341 42.25828)
Delaware,Delhi Winter Farmers' Market,Indoor 4 Page Ave,4 Page Avenue,Delhi,NY,13752,Meg Kennedy,6074342407,,Wed 10am-2pm,November-April,M/X/W/P,N,N,N,Y,42.27897,-74.91247,POINT (-74.91247 42.27897)
Dutchess,Beacon Farmers' Market,223 Main St,223 main street DMV lot,Beacon,NY,12508,Amy Bandolik,9175754967,http://www.beaconfarmersmarket.org,Sun 10am-2pm,Year-round,YR,Y,Y,Y,Y,41.50402,-73.96823,POINT (-73.96823 41.50402)
Dutchess,Millerton Farmers' Market,"6 Dutchess Ave , Millerton Methodist Church",6 Dutchess Ave.,Millerton,NY,12546,Kim Henrichs,5187894259,https://www.neccmillerton.org/farmers-market,Sat 10am-2pm,May 18-December 27,P/M/X,Y,Y,N,Y,41.9543,-73.50977,POINT (-73.50977 41.9543)
Dutchess,Obercreek Farm Stand,81 New Hamburg Rd Wappingers Falls,87 New Hamburg Road,Wappingers Falls,NY,12590,Nina Doig,8452189262,http://www.obercreekfarm.com,"Wed-Sat 11am-6pm, Sun 12pm-5pm",Year-round,YR,Y,N,N,Y,41.58384,-73.93469,POINT (-73.93469 41.58384)
Dutchess,Rhinebeck Farmers' Market,Municipal lot 61 E Market St,61 East Market St,Rhinebeck,NY,12572,Andrea Bartolomeo,5188211481,http://www.rhinebeckfarmersmarket.com,Sun 10am-2pm,May 4-December 28,P/M/X,Y,Y,Y,Y,41.92704,-73.91027,POINT (-73.91027 41.92704)
Erie,Clinton Bailey Mon Farmers' Market,1517 Clinton St Buffalo,Bailey Ave and Clinton St,Buffalo,NY,14206,Sharon Baldi,7162080003,http://www.clintonbaileymarket.com,Mon 8am-5pm,May 6-October 28,YR,Y,N,N,Y,42.87206,-78.81997,POINT (-78.81997 42.87206)
Erie,Clinton Bailey Sat Farmers' Market,1517 Clinton St Buffalo,Bailey Ave and Clinton St,Buffalo,NY,14206,Sharon Baldi,7162080003,http://www.clintonbaileymarket.com,"Sat 4am-5pm, Winter: 6am-12pm",Year-round,YR,Y,N,N,Y,42.87205,-78.81998,POINT (-78.81998 42.87205)
Erie,MAP Mobile Market-Buffalo Adult Education,160 Edward St Buffalo,389 Virginia St.,Buffalo,NY,14201,Gabriel Montone,7168825327,http://www.mass-ave.org/shop,Thu 10am-12pm,June 6-October 31,W/P/M/X,Y,Y,N,Y,42.89682,-78.87764,POINT (-78.87764 42.89682)
Erie,Urbanowicz Acres Farm Stand,1417 Eden Evans Ctr Rd,1417 Eden Evans Ctr Rd,Angola,NY,14006,Elaine Urbanowicz,7169843453,http://www.urbanowiczacres.com,"Mon-Sat 11am-6pm, Sun 11am-4pm",Year-round,YR,Y,Y,N,Y,42.65224,-79.00035,POINT (-79.00035 42.65224)
Greene,Black Horse Farms Farm Stand,10094 Route 9W Athens,10094 Rte 9W,Athens,NY,12015,Chellie Apa,5187318776,http://www.blackhorsefarms.com,Mon-Sun 9am-6pm,Year-round,YR,Y,Y,N,Y,42.30634,-73.85043,POINT (-73.85043 42.30634)
Greene,Fromer Market Gardens Farm Stand,6120 Main St Tannersville,6120 Main Street,Tannersville,NY,12485,Samantha Metz,8622001935,http://www.fromermarketgardens.com,Wed 2pm-6pm Sat 9am-2pm,Year-round,YR,Y,N,N,Y,42.19546,-74.13889,POINT (-74.13889 42.19546)
Herkimer,Hoof N Paws Farm Stand,5046 State Route 28 Newport,5046 State Route 28,Newport,NY,13416,Richard Souza,3157176101,,"Mon-Sat 9am-5pm, Sun 11am-5pm",Year-round,YR,Y,N,N,Y,43.15003,-74.97728,POINT (-74.97728 43.15003)
Herkimer,Northshire Farm Farm Stand,1067 US Highway 20 West Winfield,1067 US Highway 20,West Winfield,NY,13491,S. James Grillo,3157256226,http://www.northshirefarmstore.com,Daily 8am-8pm,Year-round,YR,Y,N,N,Y,42.89471,-75.14503,POINT (-75.14503 42.89471)
Jefferson,Rustling Grass Farm,26474 Keyser Rd Evans Mills,26474 Keyser Road,Evans Mills,NY,13637,Mary Smith,3344640452,,Mon-Sat 6am-2pm,Year-round,YR,Y,N,N,Y,44.11048,-75.84255,POINT (-75.84255 44.11048)
Kings,7th Ave. Sunset Park Greenmarket,7th Ave & 44th St,602 44th Street,Brooklyn,NY,11220,Daniel Olavarria,6469835633,http://www.grownyc.org/greenmarket,Sat 8:30am-2pm,Year-round,YR,Y,Y,N,Y,40.64693,-74.00447,POINT (-74.00447 40.64693)
Kings,Bartel-Pritchard Square Sun Greenmarket,Prospect Park West @ 15th St,205 Prospect Park West,Brooklyn,NY,11215,Daniel Olavarria,6469835633,http://www.grownyc.org/greenmarket,Sun 9am-2pm,May 4-December 28,P/M/X,Y,Y,N,Y,40.66055,-73.97984,POINT (-73.97984 40.66055)
Kings,Bartel-Pritchard Square Wed Greenmarket,Prospect Park West @ 15th St,205 Prospect Park West,Brooklyn,NY,11215,Daniel Olavarria,6469835633,http://www.grownyc.org/greenmarket,Wed 8am-2pm,Year-round,YR,Y,Y,N,Y,40.66055,-73.97984,POINT (-73.97984 40.66055)
Kings,Brooklyn Borough Hall Saturday Greenmarket,Montague St & Court St,211 Montague Street,Brooklyn,NY,11201,Daniel Olavarria,6469835633,http://www.grownyc.org/greenmarket,Sat 8am-3pm,Year-round,YR,Y,Y,N,Y,40.69416,-73.99076,POINT (-73.99076 40.69416)
Kings,Brooklyn Borough Hall Tuesday Greenmarket,Montague St & Court St,211 Montague Street,Brooklyn,NY,11201,Daniel Olavarria,6469835633,http://www.grownyc.org/greenmarket/brooklyn/boro-hall-sa,Tue 8am-3pm,Year-round,YR,Y,Y,N,Y,40.69416,-73.99076,POINT (-73.99076 40.69416)
Kings,Carroll Gardens Greenmarket,Smith St & Carroll St Brooklyn,330 Smith Street,Brooklyn,NY,11231,Daniel Olavarria,6469835633,http://www.grownyc.org/greenmarket/brooklyn/carroll-gardens,Sun 8am-2pm,Year-round,YR,Y,Y,N,Y,40.68036,-73.99536,POINT (-73.99536 40.68036)
Kings,Cortelyou Greenmarket,Cortelyou btwn Rugby & Argyle,1305 Cortelyou Road,Brooklyn,NY,11226,Daniel Olavarria,6469835633,https://www.grownyc.org/farmstands,Sun 8am-2pm,Year-round,YR,Y,Y,N,Y,40.64071,-73.9659,POINT (-73.9659 40.64071)
Kings,Fort Greene Greenmarket,Washington Park & Dekalb,209 Washington Park,Brooklyn,NY,11205,Daniel Olavarria,6469835633,http://www.grownyc.org/greenmarket/brooklyn/fort-greene,Sat 8am-3pm,Year-round,YR,Y,Y,N,Y,40.68975,-73.97299,POINT (-73.97299 40.68975)
Kings,Grand Army Plaza Greenmarket,Prospect Park West & Flatbush Ave Brooklyn,1 Prospect Park,Brooklyn,NY,11238,Daniel Olavarria,6469835633,http://www.grownyc.org/greenmarket/brooklyn-grand-army-plaza,Sat 8am-4pm,Year-round,YR,Y,Y,N,Y,40.66062,-73.97943,POINT (-73.97943 40.66062)
Kings,McCarren Park Greenmarket,N 12th St & Union Ave,228 North 12th Street,Brooklyn,NY,11222,Daniel Olavarria,6469835633,http://www.grownyc.org/greenmarket/brooklyn/greenpoint-sa,Sat 8am-3pm,Year-round,YR,Y,Y,N,Y,40.71945,-73.95312,POINT (-73.95312 40.71945)
Kings,McGolrick Park Farmers' Market,130 Russell St. Brooklyn (Center Pavillion),130 Russell Street,Brooklyn,NY,11222,Michael Steigman,9149234837,http://www.downtoearthmarkets.com,Sun 9am-2pm,January 5-December 21,YR,Y,Y,N,Y,40.72483,-73.94432,POINT (-73.94432 40.72483)
Kings,Park Slope Farmers' Market,298 4th St Brooklyn (at 5th Ave),298 4th Street,Brooklyn,NY,11215,Michael Steigman,9149234837,http://www.downtoearthmarkets.com,Sun 9am-2pm,January 5-December 21,YR,Y,Y,N,Y,40.6722,-73.98379,POINT (-73.98379 40.6722)
Kings,PS 178 Farm Stand,2163 Dean St Brooklyn,2163 Dean Street,Brooklyn,NY,11233,Pamela Harris,9175922719,,Wed 12pm-3pm,Year-round,YR,Y,N,N,Y,40.67514,-73.91535,POINT (-73.91535 40.67514)
Kings,Seeds in the Middle Farm Stand-Brownsville PS 184,273 Newport Rd Brooklyn,273 Newport Rd,Brooklyn,NY,11212,Nancie Katz,9176973745,http://seedsinthemiddle.org,Wed 2:30pm-4:30pm,April 3-November 15,YR,N,Y,N,Y,40.65959,-73.90698,POINT (-73.90698 40.65959)
Livingston,Curbside Market-ABC Head Start,251 Joseph Ave Rochester,251 Joseph Ave,Rochester,NY,14605,Matthew Reifsteck,5854134057,http://www.foodlinkny.org,Fri 2:15-3pm,Year-round,YR,N,N,N,Y,43.16828,-77.60817,POINT (-77.60817 43.16828)
Monroe,Brightly's Farm Market,525 Drake Rd Hamlin,525 Drake Rd.,Hamlin,NY,14464,Betsy Brightly,5856364337,http://www.brightlyfarms.com,Mon-Sat 9am-5pm,Year-round,YR,Y,N,N,Y,43.29471,-77.94344,POINT (-77.94344 43.29471)
Monroe,Brighton WINTER Farmers' Market,1435 Westfall Rd Rochester,1150 Winton Rd South,Rochester,NY,14618,Sue Gardner-Smith,5852698918,http://www.brightonfarmersmarket.org,Sun 10am-1pm,January 5-April 13,M/X/P,N,Y,Y,Y,43.11275,-77.56809,POINT (-77.56809 43.11275)
Monroe,Curbside Market-Andrews Terrace,125 St. Paul St Rochester,125 Saint Paul Street,Rochester,NY,14604,Matthew Reifsteck,5854134057,http://www.foodlinkny.org,Wed 2pm-3pm,Year-round,YR,Y,Y,N,Y,43.15872,-77.61047,POINT (-77.61047 43.15872)
Monroe,Curbside Market-Beechwood Neighborhood,441 Parsells Ave Rochester,441 Parsells Ave,Rochester,NY,14609,Matthew Reifsteck,5854134057,http://www.foodlinkny.org,Fri 11:45am-12:30pm,Year-round,YR,Y,Y,N,Y,43.1658,-77.56665,POINT (-77.56665 43.1658)
Monroe,Curbside Market-Carriage Factory Apts,33 Litchfield St Rochester,33 Litchfield Street,Rochester,NY,14608,Matthew Reifsteck,5854134057,http://www.foodlinkny.org,Tue 2pm-3pm,Year-round,YR,Y,Y,N,Y,43.15396,-77.62575,POINT (-77.62575 43.15396)
Monroe,Curbside Market-Cedar Hill Terrace,46 Cedar Terrace Hilton,46 Cedar Terrace,Hilton,NY,14468,Matthew Reifsteck,5854134057,http://foodlinkny.org,Thu 12pm-12:30pm,Year-round,YR,Y,Y,N,Y,43.28254,-77.78845,POINT (-77.78845 43.28254)
Monroe,Curbside Market-Charlotte Harbortown (Lake Ave),4575 Lake Ave Rochester,4575 Lake Avenue,Rochester,NY,14612,Matthew Reifsteck,5854134057,http://www.foodlinkny.org,Fri 2:15pm-3:15pm,Year-round,YR,Y,Y,N,Y,43.25492,-77.61411,POINT (-77.61411 43.25492)
Monroe,Curbside Market-Charlotte Harbortown (River St),60 River St Rochester,60 River Street,Rochester,NY,14612,Matthew Reifsteck,5854134057,http://www.foodlinkny.org,Fri 3:30pm-4:30pm,Year-round,YR,Y,Y,N,Y,43.2444,-77.61607,POINT (-77.61607 43.2444)
Monroe,Curbside Market-Cornerstone Pointe,3 GBC Parkway Greece,3 GBC Parkway,Greece,NY,14626,Matthew Reifsteck,5854134057,http://www.foodlinkny.org,Mon 1:30pm-2:15pm,Year-round,YR,Y,Y,N,Y,43.21335,-77.69366,POINT (-77.69366 43.21335)
Monroe,Curbside Market-Danforth Towers,140 West Ave Rochester,140 West Avenue,Rochester,NY,14611,Matthew Reifsteck,5854134057,http://www.foodlinkny.org,Wed 2pm-2:45pm,Year-round,YR,Y,Y,N,Y,43.15038,-77.64166,POINT (-77.64166 43.15038)
Monroe,Curbside Market-DePaul Ridgeview,109 Marburger St Rochester,109 Marburger Street,Rochester,NY,14621,Matthew Reifsteck,5854134057,http://www.foodlinkny.org,Wed 4pm-4:30pm,Year-round,YR,Y,Y,N,Y,43.19375,-77.6078,POINT (-77.6078 43.19375)
Monroe,Curbside Market-DHS Westfall,111 Westfall Rd. Rochester,111 Westfall Rd.,Rochester,NY,14620,Matthew Reifsteck,5854134057,http://www.foodlinkny.org,Thu 10:30am-11:15am,Year-round,YR,Y,Y,N,Y,43.11451,-77.61886,POINT (-77.61886 43.11451)
Monroe,Curbside Market-Dunn Towers,100 Dunn Tower Dr Rochester,100 Dunn Tower Drive,Rochester,NY,14606,Matthew Reifsteck,5854134057,http://www.foodlinkny.org,Thu 10:30am-11:30am,Year-round,YR,Y,Y,N,Y,43.16924,-77.69727,POINT (-77.69727 43.16924)
Monroe,Curbside Market-Durand Senior Apts,4250 Culver Rd Rochester,4250 Culver Rd,Rochester,NY,14622,Matthew Reifsteck,5854134057,http://www.foodlinkny.org,Fri 10:15am-11:15am,Year-round,YR,Y,Y,N,Y,43.22598,-77.54736,POINT (-77.54736 43.22598)
Monroe,Curbside Market-Edna Craven Estates,625 Clifford Ave,625 Clifford Ave,Rochester,NY,14621,Matthew Reifsteck,5854134057,http://www.foodlinkny.org,Sat 12:15pm-1pm,Year-round,YR,N,N,N,Y,43.17494,-77.60725,POINT (-77.60725 43.17494)
Monroe,Curbside Market-Ellison Park Apts,44 Bobrich Drive Rochester,44 Bobrich Drive,Rochester,NY,14610,Matthew Reifsteck,5854134057,http://www.foodlinkny.org,Sat 11am-12pm,Year-round,YR,Y,Y,N,Y,43.14917,-77.5466,POINT (-77.5466 43.14917)
Monroe,Curbside Market-EL Towers,500 South Ave Rochester,500 South Ave,Rochester,NY,14620,Matthew Reifsteck,5854134057,http://www.foodlinkny.org,Tue 3:30pm-4:15pm,Year-round,YR,Y,Y,N,Y,43.1465,-77.60524,POINT (-77.60524 43.1465)
Monroe,Curbside Market-ESLC Rockwood Ctr,3833 E Henrietta Rd,3833 E Henrietta Rd,Henrietta,NY,14467,Matthew Reifsteck,5854134057,http://www.foodlinkny.org,Fri 10:30am-11:15am,Year-round,YR,Y,Y,N,Y,43.04649,-77.62499,POINT (-77.62499 43.04649)
Monroe,Curbside Market-Fairport Apartments,1030 Whitney Rd E Fairport,1030 Whitney Road E,Fairport,NY,14450,Matthew Reifsteck,5854134057,http://www.foodlinkny.org,Thu 10:30am-11:15am,Year-round,YR,Y,Y,N,Y,43.10913,-77.43938,POINT (-77.43938 43.10913)
Monroe,Curbside Market-FIGHT Village Apts,186 Ward St Rochester,186 Ward Street,Rochester,NY,14605,Matthew Reifsteck,5854134057,http://www.foodlinkny.org,Thu 2:15pm-3pm,Year-round,YR,Y,Y,N,Y,43.16564,-77.60815,POINT (-77.60815 43.16564)
Monroe,Curbside Market-Harris Park Apartments,122 Harris Park Rochester,122 Harris Park,Rochester,NY,14610,Matthew Reifsteck,5854134057,http://www.foodlinkny.org,Tue 3:45pm-4:30pm,Year-round,YR,N,N,N,Y,43.15131,-77.55331,POINT (-77.55331 43.15131)
Monroe,Curbside Market-Hudson Ridge Tower,401 Seneca Manor Dr Rochester,401 Seneca Manor Drive,Rochester,NY,14621,Matthew Reifsteck,5854134057,http://www.foodlinkny.org,Wed 2:45pm-3:45pm,Year-round,YR,Y,Y,N,Y,43.19309,-77.60324,POINT (-77.60324 43.19309)
Monroe,Curbside Market-Irondequoit Meadow Reserve,100 Hulda Park Rochester,100 Hulda Park,Rochester,NY,14609,Matthew Reifsteck,5854134057,http://www.foodlinkny.org,Tue 2:30pm-3:15pm,Year-round,YR,Y,Y,N,Y,43.19479,-77.56041,POINT (-77.56041 43.19479)
Monroe,Curbside Market-James Dobson Apts,150 Van Auker St Rochester,150 Van Auker Street,Rochester,NY,14608,Matthew Reifsteck,5854134057,http://www.foodlinkny.org,Sat 12:30pm-1:45pm,Year-round,YR,Y,Y,N,Y,43.14997,-77.62109,POINT (-77.62109 43.14997)
Monroe,Curbside Market-Keeler Apts,501 Seneca Manor Dr Rochester,501 Seneca Manor Dr.,Rochester,NY,14621,Matthew Reifsteck,5854134057,http://www.foodlinkny.org,Wed 2:30pm-4pm,Year-round,YR,Y,Y,N,Y,43.19395,-77.60168,POINT (-77.60168 43.19395)
Monroe,Curbside Market-Kennedy Towers,"666 S Plymouth Ave Rochester, Parking lot on Edith St",666 South Plymouth Ave,Rochester,NY,14608,Matthew Reifsteck,5854134057,http://www.foodlinkny.org,Mon 3:15pm-4pm,Year-round,YR,Y,Y,N,Y,43.14251,-77.61894,POINT (-77.61894 43.14251)
Monroe,Curbside Market-Lake Tower Apartments,321 Lake Ave Rochester (Parking lot),321 Lake Ave.,Rochester,NY,14608,Matthew Reifsteck,5854134057,http://www.foodlinkny.org,Tue 10:30am-11:30am,Year-round,YR,Y,Y,N,Y,43.17054,-77.62751,POINT (-77.62751 43.17054)
Monroe,Curbside Market-Lexington Ct Apts,6 Christopher St Rochester,6 Christopher St,Rochester,NY,14606,Matthew Reifsteck,5854134057,http://www.foodlinkny.org,Thu 3:30pm-4:15pm,Year-round,YR,Y,Y,N,Y,43.1791,-77.66474,POINT (-77.66474 43.1791)
Monroe,Curbside Market-LifeSpan Wolk Caf�,25 Franklin St Near Liberty Pole Way,25 Franklin Street,Rochester,NY,14604,Matthew Reifsteck,5854134057,http://www.foodlinkny.org,Mon 12:30pm-1:30pm,Year-round,YR,Y,Y,N,Y,43.15805,-77.60484,POINT (-77.60484 43.15805)
Monroe,Curbside Market-Long Pond Sr Housing,1 GBC Parkway Greece,1230 Long Pond Road,Rochester,NY,14626,Matthew Reifsteck,5854134057,http://www.foodlinkny.org,Mon 1pm-1:30pm,Year-round,YR,Y,Y,N,Y,43.2122,-77.69579,POINT (-77.69579 43.2122)
Monroe,Curbside Market-Manhattan Sq Family Medicine,454 E Broad St Rochester,454 E Broad St,Rochester,NY,14607,Matthew Reifsteck,5854134057,http://www.foodlinkny.org,Thu 2pm-3pm,Year-round,YR,Y,Y,N,Y,43.15531,-77.59957,POINT (-77.59957 43.15531)
Monroe,Curbside Market-Maplewood YMCA,25 Driving Park Ave Rochester,25 Driving Park Ave,Rochester,NY,14613,Matthew Reifsteck,5854134057,http://www.foodlinkny.org,Wed 12pm-12:45pm,Year-round,YR,Y,Y,N,Y,43.18092,-77.63017,POINT (-77.63017 43.18092)
Monroe,Curbside Market-Monarch Senior Living,975 Abigayle Way Webster,975 Abigayle Way,Webster,NY,14580,Matthew Reifsteck,5854134057,http://foodlinkny.org,Wed 12:15pm-1:15pm,Year-round,YR,N,N,N,Y,43.21799,-77.45824,POINT (-77.45824 43.21799)
Monroe,Curbside Market-New Life Fellowship,360 Wellington Ave,360 Wellington Ave,Rochester,NY,14619,Matthew Reifsteck,5854134057,http://foodlinkny.org,Wed 11:30am-12:15pm,Year-round,YR,Y,Y,N,Y,43.14139,-77.64044,POINT (-77.64044 43.14139)
Monroe,Curbside Market-OACES Family Learning Ctr,30 Hart St Rochester,30 Hart Street,Rochester,NY,14605,Matthew Reifsteck,5854134057,http://www.foodlinkny.org,Fri 2:30pm-3:15pm,Year-round,YR,Y,Y,N,Y,43.17112,-77.61814,POINT (-77.61814 43.17112)
Monroe,Curbside Market-Phillips Village,100 Krieger Rd Webster,100 Krieger Rd.,Webster,NY,14580,Matthew Reifsteck,5854134057,http://www.foodlinkny.org,Sat 2:30-3:30pm,Year-round,YR,Y,Y,N,Y,43.20943,-77.4189,POINT (-77.4189 43.20943)
Monroe,Curbside Market-Pinnacle Place Apartments,919 S Clinton Ave Rochester,919 South Clinton Ave,Rochester,NY,14620,Matthew Reifsteck,5854134057,http://www.foodlinkny.org,Wed 10:30am-11:45am,Year-round,YR,Y,Y,N,Y,43.14006,-77.59637,POINT (-77.59637 43.14006)
Monroe,Curbside Market-Plymouth Gardens,1400 S Plymouth Ave Rochester,1400 S Plymouth Ave.,Rochester,NY,14611,Matthew Reifsteck,5854134057,http://www.foodlinkny.org,Fri 11:30am-12:45pm,Year-round,YR,Y,Y,N,Y,43.13192,-77.6339,POINT (-77.6339 43.13192)
Monroe,Curbside Market-Rochester Highlands,47 Green Knolls Dr across from dog park,47 Green Knolls Dr,Rochester,NY,14620,Matthew Reifsteck,5854134057,http://www.foodlinkny.org/CurbsideMarket,Fri 3:30pm-4:30pm,Year-round,YR,Y,Y,N,Y,43.11568,-77.61362,POINT (-77.61362 43.11568)
Monroe,Curbside Market-Rochester Psychiatric Ctr,1111 Elmwood Ave,1111 Elmwood Avenue,Rochester,NY,14620,Matthew Reifsteck,5854134057,http://www.foodlinkny.org,Fri 10:30am-11:15am,Year-round,YR,Y,Y,N,Y,43.12219,-77.61222,POINT (-77.61222 43.12219)
Monroe,Curbside Market-Rochester View Apartments,4365 W Henrietta Rd Henrietta,4365 W Henrietta Road,Henrietta,NY,14467,Matthew Reifsteck,5854134057,http://www.foodlinkny.org,Wed 3:30pm-4pm,Year-round,YR,Y,Y,N,Y,43.06563,-77.64833,POINT (-77.64833 43.06563)
Monroe,Curbside Market-Seneca Towers,200 Seth Green Dr,200 Seth Green St,Rochester,NY,14621,Matthew Reifsteck,5854134057,http://www.foodlinkny.org,Tue 11:45am-12:45pm,Year-round,YR,Y,Y,N,Y,43.1904,-77.61943,POINT (-77.61943 43.1904)
Monroe,Curbside Market-Skyview Park Apts,200 Skyview Park Ctr,200 Skyview Park Ctr,Rochester,NY,14622,Matthew Reifsteck,5854134057,http://foodlinkny.org,Tue 3:30pm-4:30pm,Year-round,YR,Y,Y,N,Y,43.1997,-77.56908,POINT (-77.56908 43.1997)
Monroe,Curbside Market-St. Ann's Adult Day Center,1500 Portland Ave. Rochester,1500 Portland Avenue,Rochester,NY,14621,Matthew Reifsteck,5854134057,http://www.foodlinkny.org,Tue 10:30am-11:30am,Year-round,YR,Y,Y,N,Y,43.19411,-77.5813,POINT (-77.5813 43.19411)
Monroe,Curbside Market-St. Bernard Park Apts,2260 Lake Ave. Rochester,2260 Lake Ave.,Rochester,NY,14612,Matthew Reifsteck,5854134057,http://www.foodlinkny.org,Fri 3:45pm-4:30pm,Year-round,YR,Y,Y,N,Y,43.20764,-77.62947,POINT (-77.62947 43.20764)
Monroe,Curbside Market-St. Jude Apts,4075 Lyell Rd. Rochester,4075 Lyell Rd Rochester NY 14606,Rochester,NY,14606,Matthew Reifsteck,5854134057,http://www.foodlinkny.org,Mon 2:45pm-3:15pm,Year-round,YR,N,N,N,Y,43.163475,-77.736702,POINT (-77.736702 43.163475)
Monroe,Curbside Market-The Hamilton Apts,185 Mt. Hope Ave Rochester,185 Mount Hope Avenue,Rochester,NY,14620,Matthew Reifsteck,5854134057,http://www.foodlinkny.org,Sat 10:30am-11:45am,Year-round,YR,Y,Y,N,Y,43.14573,-77.61013,POINT (-77.61013 43.14573)
Monroe,Curbside Market-Thurston Road YMCA,597 Thurston Rd Rochester,597 Thurston Rd,Rochester,NY,14619,Matthew Reifsteck,5854134057,http://www.foodlinkny.org,Wed 10:30am-11:15am,Year-round,YR,Y,Y,N,Y,43.132866,-77.651137,POINT (-77.651137 43.132866)
Monroe,Curbside Market-Trillium Health,"259 Monroe Ave, Parking Monroe Ave + Union St corner",259 Monroe,Rochester,NY,14607,Matthew Reifsteck,5854134057,http://www.foodlinkny.org,Mon 2pm-2:45pm,Year-round,YR,Y,Y,N,Y,43.14959,-77.59906,POINT (-77.59906 43.14959)
Monroe,Curbside Market-University Tower,625 University Ave Rochester,625 University Avenue,Rochester,NY,14607,Matthew Reifsteck,5854134057,http://www.foodlinkny.org,Wed 3:15pm-4pm,Year-round,YR,Y,Y,N,Y,43.15595,-77.58613,POINT (-77.58613 43.15595)
Monroe,Curbside Market-Upper Falls Square Apts,"Merrimac Street Parking Lot, 396 Hudson Ave Rochester",396 Hudson Ave,Rochester,NY,14604,Matthew Reifsteck,5854134057,http://www.foodlinkny.org,Wed 10:45am-11:30am,Year-round,YR,Y,Y,N,Y,43.17109,-77.60063,POINT (-77.60063 43.17109)
Monroe,Curbside Market-Venture PROS,975 Elmwood Ave. Rochester,975 Elmwood Ave.,Rochester,NY,14620,Matthew Reifsteck,5854134057,http://www.foodlinkny.org,Fri 11:30am-12:30pm,Year-round,YR,Y,Y,N,Y,43.12489,-77.6126,POINT (-77.6126 43.12489)
Monroe,Curbside Market-VOC Liberty Landing Apts,185 Scio St,185 Scio St,Rochester,NY,14605,Matthew Reifsteck,5854134057,http://foodlinkny.org,Thu 2:30-3pm,Year-round,YR,Y,Y,N,Y,43.16041,-77.59841,POINT (-77.59841 43.16041)
Monroe,Curbside Market-Warfield Square,1337 E. Main St.,1337 E. Main St.,Rochester,NY,14609,Matthew Reifsteck,5854134057,http://foodlinkny.org,Wed 3:15pm-4:15pm,Year-round,YR,N,Y,N,Y,43.16084,-77.5761,POINT (-77.5761 43.16084)
Monroe,Curbside Market-Winton Gardens Towers,"2052 E Main St Rochester, Parking lot off Cedarwood Terrace",2052 East Main St,Rochester,NY,14609,Matthew Reifsteck,5854134057,http://www.foodlinkny.org,Tue 2:30pm-3:30pm,Year-round,YR,Y,Y,N,Y,43.16076,-77.55556,POINT (-77.55556 43.16076)
Monroe,Curbside Market-YWCA Apartments,175 N. Clinton Ave Rochester,175 North Clinton Ave,Rochester,NY,14604,Matthew Reifsteck,5854134057,http://www.foodlinkny.org,Thu 3:15pm-4:15pm,Year-round,YR,Y,Y,N,Y,43.16073,-77.6082,POINT (-77.6082 43.16073)
Monroe,Kirby's Farm Market,9739 Ridge Rd Brockport,9739 Ridge Rd,Brockport,NY,14420,Linda Kirby,5856372600,http://www.kirbysfm.com,"Mon-Sat 10am-6pm, Sun 10am-5pm",May 1-December 24,P/M/X,Y,N,N,Y,43.25194,-77.98451,POINT (-77.98451 43.25194)
Monroe,Market 1892 Farm Stand,3334 Brockport Spencerport Rd Spencerport,3334 Brockport Spencerport Road,Spencerport,NY,14559,Brook DeConinck,5853634785,,"Mon-Sat 10am-6pm, Sun 10am-2pm",Year-round,YR,Y,N,N,Y,43.18763,-77.83524,POINT (-77.83524 43.18763)
Monroe,Partyka Farms Farm Stand,1420 County Line Rd Kendall,1420 County Line Rd.,Kendall,NY,14470,Lora Partyka,5857520258,http://www.partykafarms.com,"Daily 9am-9pm, Winter hrs 9am-6pm",Year-round,YR,Y,N,N,Y,43.29811,-77.99549,POINT (-77.99549 43.29811)
Monroe,Rochester Public Market-Saturday,280 N. Union St. off East Main St.,280 North Union St.,Rochester,NY,14609,Cindy De Coste,5854286907,http://www.cityofrochester.gov/publicmarket,Sat 5am-3pm,Year-round,YR,Y,Y,Y,Y,43.1657,-77.59016,POINT (-77.59016 43.1657)
Monroe,Rochester Public Market -Thursday,280 N. Union St. off East Main St.,280 North Union St.,Rochester,NY,14609,Cindy De Coste,5854286907,http://www.cityofrochester.gov/publicmarket,Thu 6am-1pm,Year-round,YR,Y,Y,Y,Y,43.1657,-77.59016,POINT (-77.59016 43.1657)
Monroe,Rochester Public Market -Tuesday,280 N. Union St. off East Main St.,280 North Union St.,Rochester,NY,14609,Cindy De Coste,5854286907,http://www.cityofrochester.gov/publicmarket,Tue 6am-1pm,Year-round,YR,Y,Y,Y,Y,43.1657,-77.59016,POINT (-77.59016 43.1657)
Montgomery,Damin Farm Stand,8075 State Highway 5 St. Johnsville,8075 State Highway 5,St. Johnsville,NY,13452,Barb Damin,5185682643,,Daily 2pm-6pm,Year-round,YR,Y,N,N,Y,43.00497,-74.72233,POINT (-74.72233 43.00497)
Montgomery,Haven of Hope Farm Stand,19 Cemetery St. Fonda,19 Cemetery Street,Fonda,NY,12068,Pat Brooking,5185223342,http://www.havenofhopefarm.org,Thu-Sat 9am-4pm,Year-round,YR,Y,N,N,Y,42.95627,-74.36841,POINT (-74.36841 42.95627)
Montgomery,Thirteen Petals Farm Stand,23 Mergner Rd Fort Johnson,23 Mergner Road,Fort Johnson,NY,12070,Jason Ludwin,5188577781,,"Mon-Fri 4pm-7pm , Sat 10am-4pm Sun 11am-3pm",May 1-December 1,P/M/X,Y,N,N,Y,42.95757,-74.24445,POINT (-74.24445 42.95757)
Montgomery,Tylutki Family Farms Farm Stand,197 Caswell Rd Palatine Bridge,197 Caswell Rd,Palatine Bridge,NY,13428,Raymond Tylutki,5188487459,,Daily 7am-8pm,Year-round,YR,Y,N,N,Y,42.91442,-74.53936,POINT (-74.53936 42.91442)
Nassau,Crossroads Farm Farm Stand,480 Hempstead Ave Malverne,480 Hempstead Ave,Malverne,NY,11565,Michael D'Angelo,5163410079,http://www.xroadsfarmliny.com,Tue 12-6pm; Fri 12pm-9pm; Sat 9am-3pm,April 5-December 31,P/M/X/W,Y,N,N,Y,40.68066,-73.66376,POINT (-73.66376 40.68066)
Nassau,Rockville Centre Farmers' Market,"Sunrise Hwy & North Longbeach Rd, Village of Rockville Centre, 510 Sunrise Highway",Sunrise Hwy and Long Beach Rd,Rockville Centre,NY,11570,Ethel Terry,6314668939,http://www.longislandgrowersmarket.com,Sun 7am-12pm,June 1-December 28,M/X,Y,N,N,Y,40.65712,-73.6321,POINT (-73.6321 40.65712)
Nassau,Roslyn Farmers' Market,"Christopher Morley Park , 500 Searingtown Rd",500 Searingtown Rd,Roslyn,NY,11576,Ethel Terry,6314668939,http://www.longislandgrowersmarket.com,Wed 7am-1pm,June 4-December 24,M/X,Y,N,N,Y,40.78188,-73.66277,POINT (-73.66277 40.78188)
Nassau,Seaford Farmers' Market,"Seaford LIRR Railroad Station lot 3, Sunrise Highway & Washington Ave",Sunrise Highway and Washington St.,Seaford,NY,11783,Ethel Terry,6314668939,http://www.longislandgrowersmarket.com,Sat 7am-12pm,June 7-December 27,"M, X",Y,N,N,Y,40.67572,-73.48657,POINT (-73.48657 40.67572)
New York,79th Street Greenmarket,79th St & Columbus Ave,366 Columbus Ave,New York,NY,10024,Daniel Olavarria,6469835633,http://www.grownyc.org/greenmarket/manhattan/79th-street,Sun 9am-4pm,Year-round,YR,Y,Y,N,Y,40.7809,-73.97648,POINT (-73.97648 40.7809)
New York,82nd Street Greenmarket,82nd St btwn 1st & York Aves,408 East 82nd Street,New York,NY,10128,Daniel Olavarria,6469835633,http://www.grownyc.org/greenmarket/manhattan/82nd-street,Sat 9am-2:30pm,Year-round,YR,Y,Y,N,Y,40.77394,-73.9506,POINT (-73.9506 40.77394)
New York,97th Street Greenmarket,97th St btwn Amsterdam & Columbus Aves,West 97th St and Columbus Ave,New York,NY,10025,Daniel Olavarria,6469835633,http://www.grownyc.org/greenmarket/manhattan/west-97,Fri 8am-2pm,Year-round,YR,Y,Y,N,Y,40.79356,-73.96701,POINT (-73.96701 40.79356)
New York,Abingdon Square Greenmarket,Hudson St & W 12th St,601 Hudson St,New York,NY,10014,Daniel Olavarria,6469835633,http://www.grownyc.org/greenmarket/manhattan/abingdon-square,Sat 8am-2pm,Year-round,YR,Y,Y,N,Y,40.73719,-74.00592,POINT (-74.00592 40.73719)
New York,Chelsea Farmers' Market,351 W 23rd St. btwn 8th and 9th Aves.,351 W 23rd Street,New York,NY,10011,Michael Steigman,9149234837,http://www.downtoearthmarkets.com,Sun 9am-2pm,April 19-December 20,P/M/X,Y,Y,N,Y,40.74633,-74.00081,POINT (-74.00081 40.74633)
New York,Columbia Sun Greenmarket,Broadway & 114th St,2910 Broadway,New York,NY,10027,Daniel Olavarria,6469835633,http://www.grownyc.org/greenmarket,Sun 8am-4pm,Year-round,YR,Y,Y,N,Y,40.80649,-73.96469,POINT (-73.96469 40.80649)
New York,Columbia Thu Greenmarket,Broadway & 114th St,2910 Broadway,New York,NY,10027,Daniel Olavarria,6469835633,http://www.grownyc.org/greenmarket/manhattan/columbia-th,Thu 8am-4pm,Year-round,YR,Y,Y,N,Y,40.80649,-73.96469,POINT (-73.96469 40.80649)
New York,Dag Hammarskjold Plaza Greenmarket,E 47th St & 2nd Ave,245 East 47th Street,New York,NY,10017,Daniel Olavarria,6469835633,http://www.grownyc.org/greenmarket/manhattan/dag-hammarskjold,Wed 8am-3pm,Year-round,YR,Y,Y,N,Y,40.75333,-73.97027,POINT (-73.97027 40.75333)
New York,Inwood Greenmarket,Isham St btwn Seaman & Cooper,620 Isham Street,New York,NY,10034,Daniel Olavarria,6469835633,http://www.grownyc.org/greenmarket/manhattan/inwood,Sat 8am-3pm,Year-round,YR,Y,Y,N,Y,40.86925,-73.92066,POINT (-73.92066 40.86925)
New York,Morningside Park Farmers' Market,237 Manhattan Ave New York,237 Manhattan Ave. (West 110th ST. and Manhattan Ave.),New York,NY,10025,Michael Steigman,9149234837,http://www.downtoearthmarkets.com,Sat 9am-2pm,January 4-December 19,YR,Y,Y,N,Y,40.80173,-73.95915,POINT (-73.95915 40.80173)
New York,Stuyvesant Town Greenmarket,"South end of Stuy Town Oval, near 14th Street Loop btwn 1st Avenue & Avenue A",East 14th Street Loop,New York,NY,10009,Daniel Olavarria,6469835633,http://www.grownyc.org/greenmarket,Sun 9:30am-4pm,May 11-December 14,P/M/X,Y,Y,N,Y,40.72998,-73.97935,POINT (-73.97935 40.72998)
New York,Tompkins Square Greenmarket,Ave A & 7th St,111 Avenue A,New York,NY,10009,Daniel Olavarria,6469835633,http://www.grownyc.org/greenmarket/manhattan/tompkins-square,Sun 9am-4pm,Year-round,YR,Y,Y,N,Y,40.72621,-73.9836,POINT (-73.9836 40.72621)
New York,Tribeca Greenmarket Saturday,Greenwich St & Chambers St,315 Greenwich St,New York,NY,10023,Daniel Olavarria,6469835633,http://www.grownyc.org/greenmarket/manhattan/tribeca-sa,Sat 8am-2pm,Year-round,YR,Y,Y,N,Y,40.71697,-74.01062,POINT (-74.01062 40.71697)
New York,Tucker Square Saturday Greenmarket,w 66th St & Broadway,125 Columbus Ave,New York,NY,10023,Daniel Olavarria,6469835633,http://www.grownyc.org/greenmarket/manhattan/tuckerthursday,Sat 8am-4pm,Year-round,YR,Y,Y,N,Y,40.7731,-73.98171,POINT (-73.98171 40.7731)
New York,Tucker Square Thursday Greenmarket,66th St & Broadway,125 Columbus Avenue,New York,NY,10023,Daniel Olavarria,6469835633,http://www.grownyc.org/greenmarket,Thu 8am-4pm,Year-round,YR,Y,Y,N,Y,40.7731,-73.98171,POINT (-73.98171 40.7731)
New York,Union Square Friday Greenmarket,"Broadway at 17th Street, Manhattan",31 Union Square West,New York,NY,10003,Daniel Olavarria,6469835633,https://www.grownyc.org/greenmarket,Fri 8am-6pm,Year-round,YR,Y,Y,N,Y,40.73669,-73.99079,POINT (-73.99079 40.73669)
New York,Union Square Monday Greenmarket,"Broadway at 17th Street, Manhattan",31 Union Square West,New York,NY,10003,Daniel Olavarria,6469835633,https://www.grownyc.org/greenmarket/manhattan-union-square-w,Mon 8am-6pm,Year-round,YR,Y,Y,N,Y,40.73669,-73.99079,POINT (-73.99079 40.73669)
New York,Union Square Saturday Greenmarket,31 Union Square W (NW side of Park),31 Union Square West,New York,NY,10003,Daniel Olavarria,6469835633,https://www.grownyc.org/greenmarket,Sat 8am-6pm,Year-round,YR,Y,Y,N,Y,40.73669,-73.99079,POINT (-73.99079 40.73669)
New York,Union Square Wednesday Greenmarket,Union Square W & 17th St,31 Union Square West,New York,NY,10003,Daniel Olavarria,6469835633,https://www.grownyc.org/greenmarket,Wed 8am-6pm,Year-round,YR,Y,Y,N,Y,40.73669,-73.99079,POINT (-73.99079 40.73669)
Niagara,North Tonawanda City Sat Farmers' Market,Robinson Rd and Payne Ave,310 Robinson Road,North Tonawanda,NY,14120,Chris Del Prince,7166958000,,Sat 7am-1pm,Year-round,YR,Y,Y,N,Y,43.03377,-78.87021,POINT (-78.87021 43.03377)
Niagara,North Tonawanda City Thu Farmers' Market,Robinson Rd and Payne Ave,310 Robinson Road,North Tonawanda,NY,14120,Chris Del Prince,7166958000,,Thu 7am-1pm,Year-round,YR,Y,Y,N,Y,43.03377,-78.87021,POINT (-78.87021 43.03377)
Niagara,North Tonawanda City Tue Farmers' Market,Robinson Rd and Payne Ave,310 Robinson Road,North Tonawanda,NY,14120,Chris Del Prince,7166958000,,Tue 7am-1pm,Year-round,YR,Y,Y,N,Y,43.03377,-78.87021,POINT (-78.87021 43.03377)
Niagara,Schwab Farm Stand,9035 Rochester Rd Gasport,9035 Rochester Rd,Gasport,NY,14067,Carol Schaal,7167357570,http://www.schwabsfarm.com,"Mon-Sat 8am-6pm, Sun 9am-3pm",Year-round,YR,Y,Y,N,Y,43.20425,-78.52308,POINT (-78.52308 43.20425)
Oneida,Horn's Family Farm Stand,9629 Main St Remsen,9629 Main St,Remsen,NY,13438,Eric Horn,3158313541,http://hornsfamilyfarm.com,"Mon-Fri 12pm-6pm, Sat 9am-3pm",Year-round,YR,Y,Y,N,Y,43.32745,-75.18713,POINT (-75.18713 43.32745)
Oneida,Oneida County Public Market,"REA Wing Union Station, 321 Main St. Utica",321 Main Street,Utica,NY,13501,Elizabeth Irons,3157363394,http://www.oneidacountymarket.com,Sat 9am-1pm,Year-round,YR,Y,Y,N,Y,43.10393,-75.2239,POINT (-75.2239 43.10393)
Oneida,Oneida County WINTER Public Market,"Inside Main Lobby Union Station, 321 Main Street Downtown Utica",321 Main Street,Utica,NY,13501,Elizabeth Irons,3157363394,http://www.oneidacountymarket.com,Alt Saturdays 9am-1pm,"November 1-April 18, 2023",X/W/P,N,Y,N,Y,43.10393,-75.2239,POINT (-75.2239 43.10393)
Onondaga,Brownson Family Farm Farm Stand,8149 Bridgeport Kirkville Rd Kirkville,8149 Bridgeport Kirkville Rd,Kirkville,NY,13082,Ben Brownson,3153787851,http://www.brownsonfamilyfarm.com,"Mon-Sat 10am-7pm, Sun 10am-5pm",Year-round,YR,Y,N,N,Y,43.11657,-75.95328,POINT (-75.95328 43.11657)
Onondaga,Central NY Saturday Regional Market Authority,2100 Park St. Syracuse,2100 Park Street,Syracuse,NY,13208,Taylor Beresovoy,3154228647,https://www.cnyregionalmarket.com/,Sat 7am-2pm,Year-round,YR,Y,Y,Y,Y,43.07269,-76.16835,POINT (-76.16835 43.07269)
Onondaga,Central NY Sunday Regional Market Authority,2100 Park St. Syracuse,2100 Park Street,Syracuse,NY,13208,Taylor Beresovoy,3154228647,https://www.cnyregionalmarket.com/,Sun 7am-2pm,Year-round,YR,Y,Y,Y,Y,43.07269,-76.16835,POINT (-76.16835 43.07269)
Orange,Kirby Farm Hemlock Grove Farm Stand,25 Kinne Lane Middletown,25 Kinne Lane,Middletown,NY,10940,Charles F. Kirby,8453552718,,Daily 8am-6pm,Year-round,YR,Y,N,N,Y,41.40479,-74.50332,POINT (-74.50332 41.40479)
Orange,Newburgh Farmers' Market,97 Broadway,95-107 Broadway,Newburgh,NY,12550,Illyana Campos,8452314424,http://www.newburghnyfarmersmarket.org,Sat 10am-3pm,Year-round,YR,Y,N,N,Y,41.49992,-74.0112,POINT (-74.0112 41.49992)
Orange,Soons Orchards Farm Stand,23 Soons Circle New Hampton,23 Soons Circle,New Hampton,NY,10958,Sharon Soons,8453745471,http://www.soonsorchards.com,Daily 9am-6pm,Year-round,YR,Y,N,N,Y,41.40258,-74.40356,POINT (-74.40356 41.40258)
Orleans,Canal Village Winter Farmers' Market,345 North Main St. Medina,345 North Main St,Medina,NY,14103,Gail Miller,5857983904,,Sat 9am-1pm,Nov 2-May 31,X/W/P,N,Y,Y,Y,43.22187,-78.38667,POINT (-78.38667 43.22187)
Orleans,Navarras Farm Market and Greenhouses,3272 Eagle Harbor Rd Albion,3272 Eagle Harbor Road,Albion,NY,14411,Amanda Mrzyuka,5855894674,http://navarrasfarmmarketandgreenhouses.net,Daily 10am-5pm,Year-round,YR,Y,Y,N,Y,43.18941,-78.25422,POINT (-78.25422 43.18941)
Orleans,Roberts Farm Market,11170 Maple Ridge Rd Medina,11170 Maple Ridge Road,Medina,NY,14103,Margaret Roberts,5857984247,http://www.robertsfarmmarket.com,Mon-Sat 8am-6pm,Year-round,YR,Y,N,N,Y,43.20679,-78.40098,POINT (-78.40098 43.20679)
Oswego,Godfrey's Last Stand Farm Stand,1232 State Route 264 Phoenix,1232 State Route 264,Phoenix,NY,13135,Roberta and Josephine Godfrey,3155937291,,Daily 10am-4pm,May 10-December 20,P/M/X,Y,Y,N,Y,43.31155,-76.29001,POINT (-76.29001 43.31155)
Otsego,Cooperstown Saturday Farmers' Market,101 Main St in Pioneer Alley,101 Main St,Cooperstown,NY,13326,Alex Webster,6075476195,http://www.cooperstownfarmersmarket.org,Sat 9am-2pm,Year-round,YR,Y,Y,N,Y,42.70001,-74.92526,POINT (-74.92526 42.70001)
Otsego,Oneonta Farmers' Market,Dietz Street (btw Main & Wall),Dietz Street,Oneonta,NY,13820,Meg Kennedy,6074342407,http://www.oneontafarmersmarket.org,Sat 9am-12pm,Year-round,YR,Y,N,N,Y,42.45644,-75.06295,POINT (-75.06295 42.45644)
Putnam,Glynwood Farm Stand,362 Glynwood Rd Cold Spring,362 Glynwood Road,Cold Spring,NY,10516,Ryan Stasolla,8452653338,,"Sat/Sun 10am-2pm, Tue/Fri 2pm-6pm",Year-round,YR,Y,Y,N,Y,41.45365,-73.8675,POINT (-73.8675 41.45365)
Queens,Cunningham Park Farmers' Market,"19600 Union Tpke, Fresh Meadows (parking lot near 196th Pl)",19600 Union Turnpike,Queens,NY,11366,Michael Steigman,9149234837,http://www.downtoearthmarkets.com,Sun 9am-2pm,April 20-December 20,P/M/X,Y,Y,N,Y,40.73087,-73.77457,POINT (-73.77457 40.73087)
Queens,Forest Hills Greenmarket,Queens Blvd & 70th Ave,106-28 Queens Blvd.,Queens,NY,11375,Daniel Olavarria,6469835633,http://www.grownyc.org/greenmarket/queens/forest-hills,Sun 8am-2pm,Year-round,YR,Y,N,N,Y,40.72193,-73.84676,POINT (-73.84676 40.72193)
Queens,Jackson Heights Greenmarket,34th Ave & 79th St,78-99 34th Ave,Jackson Heights,NY,11372,Daniel Olavarria,6469835633,http://www.grownyc.org/greenmarket/queens/jackson-heights,Sun 8am-3pm,Year-round,YR,Y,Y,N,Y,40.7535,-73.88791,POINT (-73.88791 40.7535)
Queens,Sunnyside Greenmarket,Skillman Ave & 43rd St,41-15 Skillman Ave,Sunnyside,NY,11104,Daniel Olavarria,6469835633,http://www.grownyc.org/greenmarket/queens/sunnyside,Sat 8am-3pm,Year-round,YR,Y,Y,N,Y,40.74714,-73.92242,POINT (-73.92242 40.74714)
Rensselaer,Capital Roots Good Food Market,598 River St Troy,594 River Street,Troy,NY,12180,Collin Parliman,5182748685,http://www.capitalroots.org/urban-grow-center-market/,"Tue-Fri 10am-7pm, Sat 10am-4pm",Year-round,YR,Y,Y,N,Y,42.74208,-73.68525,POINT (-73.68525 42.74208)
Rensselaer,Troy Waterfront WINTER Farmers' Market,"Troy Atrium, 49 4th St Troy",865 2nd Avenue,Troy,NY,12182,Stephen Ridler,5187084216,http://www.troymarket.org,Sat 9am-2pm,November 1-April 25,M/X/W/P,N,Y,Y,Y,42.73196,-73.68893,POINT (-73.68893 42.73196)
Rensselaer,Veggie Mobile-Kennedy Towers Apts,2100 6th Ave Troy,2100 6th Avenue,Troy,NY,12180,Collin Parliman,5182748685,http://www.capitalroots.org,Wed 3:15pm-4:15pm,Year-round,YR,Y,Y,N,Y,42.75592,-73.67956,POINT (-73.67956 42.75592)
Rensselaer,Veggie Mobile-Renwyck Place Apts,18 4th Ave Rensselaer,18 4th Ave,Rensselaer,NY,12144,Collin Parliman,5182748685,http://www.capitalroots.org,Thu 11:45am-12:30pm,Year-round,YR,Y,Y,N,Y,42.63925,-73.73936,POINT (-73.73936 42.63925)
Rensselaer,Veggie Mobile Sprout-Burns Apts,720 Federal St. Troy,720 Federal Street,Troy,NY,12180,Collin Parliman,5182748685,http://www.capitalroots.org,Thu 11:30am-12:15pm,Year-round,YR,Y,Y,N,Y,42.733148,-73.684555,POINT (-73.684555 42.733148)
Rensselaer,Veggie Mobile Sprout-Conway Court Apts,12 Conway Ct. Troy,12 Conway Ct.,Troy,NY,12180,Collin Parliman,5182748685,http://www.capitalroots.org,Fri 11:30am-12:15pm,Year-round,YR,Y,Y,N,Y,42.73979,-73.66072,POINT (-73.66072 42.73979)
Rensselaer,Veggie Mobile Sprout-Edward A. Kane Apts,5 115th Street Troy,5 115th Street,Troy,NY,12182,Lucy LaFave,5182748685,http://www.capitalroots.org,Thu 4pm-4:30pm,Year-round,YR,Y,N,N,Y,42.7748,-73.67761,POINT (-73.67761 42.7748)
Rensselaer,Veggie Mobile Sprout-Lansingburgh Apts,41 114th Street Troy,41 114th Street,Troy,NY,12182,Collin Parliman,5182748685,http://www.capitalroots.org,Wed 3pm-3:30pm,Year-round,YR,Y,Y,N,Y,42.77223,-73.67258,POINT (-73.67258 42.77223)
Rensselaer,Veggie Mobile Sprout-Monument Square Apts,2 1st Street #1 Troy,2 1st Street,Troy,NY,12180,Collin Parliman,5182748685,http://www.captialroots.org,Tue 11:30am-12:15pm,Year-round,YR,Y,Y,N,Y,42.73123,-73.69261,POINT (-73.69261 42.73123)
Rensselaer,Veggie Mobile Sprout-O'Neil Apts,2121 6th Ave. Troy,2121 6th Ave.,Troy,NY,12180,Collin Parliman,5182748685,http://www.capitalroots.org,Wed 3:45pm-4:30pm,Year-round,YR,Y,Y,N,Y,42.73436,-73.68587,POINT (-73.68587 42.73436)
Rensselaer,Veggie Mobile Sprout-Watervliet Public Library,1501 Broadway #1,1501 Broadway,Watervliet,NY,12189,Collin Parliman,5182748685,http://www.capitalroots.org,Thu 2:30pm-3:30pm,Year-round,YR,Y,Y,N,Y,42.72629,-73.70008,POINT (-73.70008 42.72629)
Rensselaer,Veggie Mobile-Van Rensselaer Heights,460 Forbes Ave Rensselaer,460 Forbes Avenue,Rensselaer,NY,12144,Collin Parliman,5182748685,http://www.capitalroots.org,Thu 10:45am-11:30am,Year-round,YR,Y,Y,N,Y,42.65953,-73.73008,POINT (-73.73008 42.65953)
Richmond,St George Greenmarket,St Marks Pl & Hyatt St,35 Hyatt Street,Staten Island,NY,10301,Daniel Olavarria,6469835633,http://www.grownyc.org/greenmarket/staten-island/saint-george,Sat 8am-1pm,Year-round,YR,Y,Y,N,Y,40.64159,-74.07791,POINT (-74.07791 40.64159)
Rockland,Nyack Farmers' Market,119 Main St Municipal parking lot,Main St and Franklin St,Nyack,NY,10960,Bill Batson,8453532221,https://www.nyackchamber.org/nyack-farmers-market/,Thu 9am-2pm,Year-round,YR,Y,N,N,Y,41.09154,-73.9216,POINT (-73.9216 41.09154)
Saratoga,Bowman Orchards Farm Stand,147 Sugar Hill Rd Rexford,141 Sugarhill Road,Rexford,NY,12148,Katie Bowman-Oathout,5183712042,http://www.bowmanorchards.com,Daily 9am-5pm,Year-round,YR,Y,N,N,Y,42.81576,-73.83953,POINT (-73.83953 42.81576)
Saratoga,Halfmoon Farmers' Market,184 Harris Rd. Abele Memorial Park,2 Halfmoon Town Plaza,Halfmoon,NY,12065,Jennifer Harrell,5183717410,,Wed 3pm-6pm,Year-round,YR,Y,N,N,Y,42.85384,-73.72547,POINT (-73.72547 42.85384)
Saratoga,Saratoga WINTER Farmers' Market,"3065 NY-50 Saratoga Springs, Wilton Mall Food Court",3065 NY-50,Saratoga Springs,NY,12866,Jodie Fitzgerald,5188128649,http://www.saratogafarmersmarket.org,Sat 9:30am-1:30pm,November 2-April 26,M/X/W/P,N,Y,Y,Y,43.06464,-73.79044,POINT (-73.79044 43.06464)
Saratoga,Spa City Farmers' Market,"65 South Broadway Saratoga Spa St Pk, Lincoln Bath House Building",65 South Broadway,Saratoga Springs,NY,12866,Colleen Zorbas,5183390958,http://www.spacityfarmersmarket.com,Sun 10am-2pm,Year-round,YR,Y,N,N,Y,43.06474,-73.78876,POINT (-73.78876 43.06474)
Schenectady,Buhrmaster Farm Stand,189 Saratoga Rd Scotia,189 Saratoga Road,Scotia,NY,12302,Keith Buhrmaster,5183995931,http://www.buhrmasterfarms.com,Daily 9am-6pm,April 30-December 23,P/M/X,Y,N,N,Y,42.86538,-73.93288,POINT (-73.93288 42.86538)
Schenectady,Veggie Mobile Sprout-Edison Senior,1310 Princetown Rd Schenectady,1310 Princetown Rd,Schenectady,NY,12306,Collin Parliman,5182748685,http://www.capitalroots.org,Tue 3:15pm-4pm,Year-round,YR,Y,N,N,Y,42.8054,-73.99947,POINT (-73.99947 42.8054)
Schenectady,Veggie Mobile Sprout-Father Leo Obrien,3151 Marra Ln Schenectady,3151 Marra Lane,Schenectady,NY,12303,Collin Parliman,5182748685,http://www.capitalroots.org,Tue 1:30pm-2:15pm,Year-round,YR,Y,Y,N,Y,42.76062,-73.94004,POINT (-73.94004 42.76062)
Schenectady,Veggie Mobile Sprout-Holly Manor,2415 Curry Rd Schenectady,2415 Curry Rd,Schenectady,NY,12303,Collin Parliman,5182748685,http://www.capitalroots.org,Tue 2:30pm-3pm,Year-round,YR,Y,Y,N,Y,42.76857,-73.94259,POINT (-73.94259 42.76857)
Schenectady,Veggie Mobile Sprout-Mont Pleasant Commons Sr Housing,1502 Chrisler Ave #1 Schenectady,1502 Chrisler Ave,Schenectady,NY,12303,Collin Parliman,5182748685,http://www.capitalroots.org,Tue 1:45-2:30PM (1st and 3rd Tuesday),Year-round,YR,Y,Y,N,Y,42.79161,-73.94003,POINT (-73.94003 42.79161)
Schenectady,Veggie Mobile-Summit Towers,720 Albany St Schenectady,720 Albany street,Schenectady,NY,12307,Collin Parliman,5182748685,http://www.capitalroots.org,Fri 1:30pm-2:30pm,Year-round,YR,Y,Y,N,Y,42.80923,-73.93822,POINT (-73.93822 42.80923)
Schenectady,Veggie Mobile-Ten Eyck Apts,375 Broadway Schenectady,375 Broadway,Schenectady,NY,12305,Collin Parliman,5182748685,http://www.capitalroots.org,Fri 2:45pm-3:45pm,Year-round,YR,Y,Y,N,Y,42.80919,-73.94511,POINT (-73.94511 42.80919)
Schenectady,Will-A-Way Farm Farm Stand,14653 Duanesburg Rd Schoharie,14653 Duanesburg Road,Schoharie,NY,12157,Erin Smith,3152197578,,Thu-Sat 3pm-6pm,Year-round,YR,Y,N,N,Y,42.71853,-74.26954,POINT (-74.26954 42.71853)
Schoharie,Barber Family Farm Stand,3617 State Route 30 Middleburgh,3617 State Route 30,Fulton,NY,12122,Cindy Barber,5188275454,http://www.barbersfarm.com,Daily 9am-5:30pm,Year-round,YR,Y,Y,N,Y,42.58123,-74.39189,POINT (-74.39189 42.58123)
Schoharie,Parsons Vegetable Farm Farm Stand,756 US Highway 20 Sharon Springs,756 US Highway 20,Sharon Springs,NY,13459,Kenyon Parsons,5182842330,,Daily 10am-6pm,May 1-December 15,P/M/X,Y,N,N,Y,42.78332,-74.60004,POINT (-74.60004 42.78332)
Schoharie,Schoharie Valley Farms Farm Stand,"""The Carrot Barn"", 5605 State Route 30",5605 State Route 30,Schoharie,NY,12157,Shirley Ball,5182957139,http://www.schoharievalleyfarms.com,Daily 9am-6pm,Year-round,YR,Y,Y,N,Y,42.68477,-74.29692,POINT (-74.29692 42.68477)
Schuyler,Muddy Fingers Farm Stand,3859 Dugue Rd Hector,3859 Dugue Road,Hector,NY,14841,Matthew Glenn,6075464535,,Fri 12pm-5pm,Year-round,YR,Y,N,N,Y,42.52211,-76.85576,POINT (-76.85576 42.52211)
Seneca,Stoltzfus Produce Farm Stand,1820 State Route 96A Ovid,1820 State Route 96A,Ovid,NY,14521,Reuben Stoltzfus,6078694847,,Mon-Sat 8am-7pm,Year-round,YR,N,N,N,Y,43.78189,-75.47601,POINT (-75.47601 43.78189)
Steuben,Dave's Produce Farm Stand,6719 State Route 415 S Bath,6719 State Route 415 South,Bath,NY,14810,David Hyer,6077947043,,"Mon-Fri 9am-6pm, Sat 9am-5pm , Sun 10am-4pm",Year-round,YR,Y,Y,N,Y,42.32583,-77.29073,POINT (-77.29073 42.32583)
Steuben,Lowery Family Farm Farm Stand,78 Main St Savona,78 Main Street,Savona,NY,14879,Kyle Lowery,6073689197,http://www.loweryfamilyfarms.com,"Mon-Fri 9am-6pm, Sat/Sun 9am-5pm",Year-round,YR,Y,N,N,Y,42.28168,-77.22049,POINT (-77.22049 42.28168)
St. Lawrence,Martin's Farm Stand,11 Needham Rd. Potsdam,11 Needham Rd.,Potsdam,NY,13676,Daniel Martin,3152651246,http://www.martinsfarmstand.com,Tues-Sat 10am-6pm,Year-Round,YR,N,N,N,Y,44.67107,-74.90401,POINT (-74.90401 44.67107)
St. Lawrence,Whitten Family Farm Stand,1101 Cty Route 49 Winthrop,1101 County Road 49,Winthrop,NY,13697,Cherie Whitten,5183595112,http://www.whittenfamilyfarm.com,Mon-Wed 10am-8pm,April 1-December 31,P/M/X,Y,N,N,Y,44.75203,-74.752,POINT (-74.752 44.75203)
Suffolk,HOG Farm Stand-Brookhaven,319 Beaverdam Rd Brookhaven,319 Beaverdam Rd,Brookhaven,NY,11719,Lauren Napoli,6317902561,http://thehogfarm.org,"Mon/Wed/Fri 3:30pm-6:30pm, Sat 9am-1pm",May 10-December 13,P/M/X,Y,Y,N,Y,40.77329,-72.90525,POINT (-72.90525 40.77329)
Suffolk,Rexer Farm Stand,1028 Park Ave Huntington,1028 Park Avenue,Huntington,NY,11743,Elizabeth Rexer,6314273276,,"Tue-Sat 10am-6pm , Sun 10am-4pm",Year-round,YR,Y,N,N,Y,40.83997,-73.36801,POINT (-73.36801 40.83997)
Sullivan,Ben Ben Farm Stand,1082 County Rd 114 Cohecton,1082 County Road 114,Cohecton,NY,12726,Aaron Schor,5163824327,,Daily 6am-6pm,Year-round,YR,Y,N,N,Y,41.71087,-74.98006,POINT (-74.98006 41.71087)
Sullivan,Callicoon WINTER Farmers' Market,"Delaware Youth Center, 8 Creamery Road Callicoon",8 Creamery Road,Callicoon,NY,12723,Eugene Thulmann,6313327948,http://callicoonfarmersmarket.org/,Sun 11am-2pm,December 1-March 30,X/W,N,Y,Y,Y,41.76418,-75.05712,POINT (-75.05712 41.76418)
Tioga,Parkers Produce Farm Stand,468 Cayuta Ave Waverly,468 Cayuta Avenue,Waverly,NY,14892,Daniel Mann,5708861087,,Daily 9am-7pm,Year-round,YR,Y,N,N,Y,42.00541,-76.52613,POINT (-76.52613 42.00541)
Tompkins,Ithaca Farmers' Market (Steamboat Sat),Steamboat Landing 545 3rd St.,545 Third Street,Ithaca,NY,14850,Carrie Cuinn,6072737109,http://www.ithacamarket.com,Sat 9am-3pm,April 19-December 20,P/M/X,Y,Y,N,Y,42.44958,-76.50785,POINT (-76.50785 42.44958)
Tompkins,Ithaca Farmers' Market (Steamboat Sun),Steamboat Landing 545 3rd St.,545 Third Street,Ithaca,NY,14850,Carrie Cuinn,6072737109,http://www.ithacamarket.com,Sun 10am-3pm,April 20-December 21,P/M/X,Y,Y,N,Y,42.44958,-76.50782,POINT (-76.50782 42.44958)
Tompkins,Ithaca WINTER Farmers' Market,"Triphammer Marketplace, 2255 North Triphammer Rd",2255 North Triphammer Road,Ithaca,NY,14850,Carrie Cuinn,6072737109,http://www.ithacamarket.com,Sat 10:30am-2pm,January 4-March 29,W/P,N,Y,Y,Y,42.47899,-76.48231,POINT (-76.48231 42.47899)
Ulster,Kingston WINTER Farmers' Market,The Old Dutch Church 272 Wall St,272 Wall Street,Kingston,NY,12401,Lorraine Salisbury,5857472374,http://www.kingstonfarmersmarket.org,alt. Sat 10am-2pm,December 7 - March 29,X/W/P,N,Y,Y,Y,41.93283,-74.01886,POINT (-74.01886 41.93283)
Ulster,Kingston YMCA Farm Stand,507 Broadway,507 Broadway,Kingston,NY,12401,Kaycee Wimbish,8453322927,http://www.kingstonymcafarmproject.org,"Thu 3:30pm-6pm, Tue 10am-12pm (Jul-Aug)",June 5-December 27,M/X/W,Y,Y,N,Y,41.92805,-74.0007,POINT (-74.0007 41.92805)
Ulster,Phoenicia Winter Farmers Market,"Pine Hill Community Center, 287 Main St Pine Hill",287 Main St,Pine Hill,NY,12465,Sophie Grant,9172942017,https://www.phoeniciafarmersmarket.com/,Sun 11am-2pm,November 2-April 26,M/W/P,N,Y,N,Y,42.13228,-74.47963,POINT (-74.47963 42.13228)
Warren,Glens Falls WINTER Farmers' Market,Aviation Mall 578 Aviation Rd Queensbury,578 Aviation Rd,Queensbury,NY,12804,Richard Sandora,5187920438,http://www.glensfallsfarmersmarket.com,Sat 9am-12pm,November 2-April 26,M/X/W/P,N,Y,Y,Y,43.30817,-73.6419,POINT (-73.6419 43.30817)
Washington,Cambridge Valley WINTER Farmers' Market,"Old Firehouse 11 W Main St. , Cambridge",11 W. Main St.,Cambridge,NY,12816,Debby Jaffe,5186778128,http://www.cambridgevalleyfarmersmarket.com,"Sun 10am-1pm, 2nd & 4th Sundays",January 12-May 11,W/P,N,N,N,Y,43.02786,-73.38237,POINT (-73.38237 43.02786)
Washington,Swezey View Farm Farm Stand,301 Gibbs Rd Fort Ann,301 Gibbs Road,Fort Ann,NY,12827,David Swezey,5183616715,http://swezeyviewfarm.com,"Mon-Thur 10am-7pm, Fri-Sun 9am-4pm",Year-round,YR,Y,Y,N,Y,43.389,-73.38693,POINT (-73.38693 43.389)
Wayne,Curbside Market-The Gardens at Town Ctr,100 Greece Center Dr.,100 Greece Center Drive,Rochester,NY,14612,Matthew Reifsteck,5854134057,http://www.foodlinkny.org,Tue 10:30am-11am,Year-round,YR,Y,Y,N,Y,43.25096,-77.69214,POINT (-77.69214 43.25096)
Wayne,Lagoner Farm Stand,6895 Lake Ave.,6895 lake Ave,williamson,NY,14589,Jacob Lagoner,3159044109,http://www.lagonerfarms.com,Daily 9am-7pm,Year-round,YR,Y,N,N,Y,43.24852,-77.18646,POINT (-77.18646 43.24852)
Wayne,The Apple Shed Farm Stand,3391 Fairville Maple Ridge Rd.,3391 Fairville Maple Ridge Rd,Newark,NY,14513,Barbara Wells,3153316294,http://www.theappleshed.com,Daily 10am-5pm,July 16-December 21,M/X,Y,N,N,Y,43.12967,-77.09774,POINT (-77.09774 43.12967)
Westchester,Hastings WINTER Farmers' Market,"131 Southside Ave , Opp Hastings on Hudson Station",134 Southside Ave,Hastings on Hudson,NY,10706,Pascale Le Draoulec,9148063380,http://www.hastingsfarmersmarket.org,"Sat 9:30am-1pm, 1st and 3rd Sat","Dec -May 6, 2024",X/W/P,N,N,N,Y,40.9943,-73.88424,POINT (-73.88424 40.9943)
Westchester,Irvington WINTER Farmers' Market,"101 Main St., Main St. Auditorium",101 Main Street,Irvington,NY,10533,Pascale Le Draoulec,9148063380,http://www.theirvingtonfarmersmarket.org,2nd & 4th sunday 9:30am-1pm,December-May,X/W/P,N,N,N,Y,41.03918,-73.86737,POINT (-73.86737 41.03918)
Westchester,Larchmont Farmers' Market,"122 Myrtle Blvd. Larchmont, Metro North lot off Chatsworth Ave.",122 Myrtle Blvd. Metro-North parking deck off Chatsworth Avenue,Larchmont,NY,10538,Michael Steigman,9149234837,http://www.downtoearthmarkets.com,Sat 8:30am-1pm,January 4-December 20,YR,Y,Y,Y,Y,40.93322,-73.75951,POINT (-73.75951 40.93322)
Westchester,Ossining Farmers' Market,15 Spring St.,15 Spring St,Ossining,NY,10562,Michael Steigman,9149234837,http://www.downtoearthmarkets.com,Sat 8:30am-1pm,January 11-December 20,YR,Y,Y,Y,Y,41.16065,-73.86353,POINT (-73.86353 41.16065)
Westchester,Pleasantville Farmers' Market,"Memorial Plaza parking lot, off Manville Rd next to Train Station",Manville Rd and Wheeler Ave,Pleasantville,NY,10570,Harris Kaye,9142054545,http://www.pleasantvillefarmersmarket.org,Sat 8:30am-1pm,Year-round,YR,Y,Y,N,Y,41.13526,-73.79218,POINT (-73.79218 41.13526)
Westchester,TaSH Farmers' Market,Patriots Park Route 9 Sleepy Hollow,Patriots Park Route 9,Sleepy Hollow,NY,10591,Linda Eder,9142650745,http://www.tashfarmersmarket.org,Sat 8:30am-1:30pm,May 10-December 7,P/M/X,Y,Y,N,Y,41.08525,-73.85924,POINT (-73.85924 41.08525)
Westchester,TaSH Winter Farmers' Market,"154 Broadway Tarrytown, John Paulding School",154 Broadway,Tarrytown,NY,10591,Linda Eder,9142650745,http://www.tashfarmersmarket.org,Sat 9am-12:30pm,January 11-April 26,W/P,N,Y,N,Y,41.0818,-73.85807,POINT (-73.85807 41.0818)
Wyoming,Burley Berries Farm Stand,6335 Route 20A E Warsaw,6335 Route 20A East,Warsaw,NY,14569,Megan Burley,8146480178,,Daily 10am-7pm,Year-round,YR,Y,N,N,Y,42.74407,-78.06216,POINT (-78.06216 42.74407)
Wyoming,Merle's Fresh Produce Farm Stand,1408 Creek Rd. Rt 98 Attica,1408 Creek Road,Attica,NY,14011,Ashley Merle,5857081465,,"Mon-Fri 10am-6pm, Sat 10am-5pm",June 1-December 31,M/X,Y,N,N,Y,42.81336,-78.30333,POINT (-78.30333 42.81336)
